{"obs_dim": 158, "act_dim": 31, "latent_dim": 64, "obs_mean": [0.6933918595314026, 0.9819031357765198, -3.34141283531153e-08, -0.08147738128900528, 0.08490590751171112, 0.03866085037589073, 0.9733129739761353, 0.0745282769203186, -0.025134198367595673, 0.00744296470656991, 0.004201890900731087, -0.029209448024630547, 0.03406493365764618, 0.8121730089187622, -0.054506927728652954, -0.5379837155342102, 0.5393840074539185, 0.030039144679903984, 0.815349817276001, 0.7363255620002747, 0.504336953163147, 0.3004395067691803, -0.4153343439102173, 0.05082997679710388, 0.8824740052223206, 0.7905459403991699, 0.27709031105041504, 0.42294010519981384, -0.1312662810087204, -0.6540865898132324, 0.6678968071937561, 0.4150552451610565, 0.8875358700752258, 0.0, 0.0, 0.0, 1.0, 0.9560983180999756, -0.032807495445013046, -0.11418148875236511, 0.12063442170619965, 0.2219955027103424, 0.9304089546203613, 1.0, 0.0, 0.0, 0.0, 0.0, 1.0, 0.8814290165901184, -0.23017437756061554, 0.25269874930381775, -0.13464294373989105, 0.44775381684303284, 0.8327272534370422, -0.002915965858846903, -0.9673980474472046, 0.0, 0.0, 0.0, 1.0, 1.0, 0.0, 0.0, 0.0, 0.0, 1.0, 1.0, 0.0, 0.0, 0.0, 0.0, 1.0, 0.786290168762207, -0.026261847466230392, 0.5446734428405762, -0.4823440611362457, 0.39396780729293823, 0.7246814966201782, 0.45591041445732117, 0.0, -0.8576021790504456, 0.8576021790504456, 0.0, 0.45591041445732117, 0.9033597111701965, -0.10425973683595657, 0.3625730872154236, -0.37070152163505554, -0.33326852321624756, 0.8388499021530151, 0.5974326729774475, 0.05368909612298012, 0.7524789571762085, -0.6197704672813416, -0.497833788394928, 0.5349774360656738, 0.47116824984550476, 0.0, -0.857636034488678, 0.857636034488678, 0.0, 0.47116824984550476, 0.9670294523239136, 0.03573952987790108, 0.17035560309886932, -0.17656292021274567, 0.24453561007976532, 0.9356730580329895, 0.0022703257855027914, -0.016320817172527313, -0.0001157809019787237, -0.001058316556736827, 0.022906403988599777, -0.048305049538612366, -0.01979140378534794, 0.014376901090145111, -0.028320027515292168, 0.022667059674859047, 0.014538959600031376, -0.008012283593416214, 0.0017035100609064102, 0.012401574291288853, 0.0007480937638320029, 0.016110004857182503, 0.006484546232968569, 0.017844155430793762, 0.026467736810445786, -0.00556074408814311, -0.014871850609779358, -0.1289656162261963, 0.1597335785627365, 0.0027173098642379045, -0.024649638682603836, 0.06338105350732803, 0.01702803559601307, -0.03838573768734932, 0.14487561583518982, 0.07449743151664734, -0.002319866791367531, 0.1545015424489975, 0.02247997187077999, 0.3947998881340027, 0.3535741865634918, -0.3452889621257782, 0.1533934324979782, 0.36162930727005005, 0.33162692189216614, 0.16365770995616913, -0.03874218836426735, -0.34171098470687866, -0.6296175718307495, 0.11897660046815872, 0.34801965951919556, -0.6348574757575989, 0.5771819353103638, 0.21035543084144592, 0.4291481077671051], "obs_std": [0.06058156490325928, 0.06028543412685394, 9.999999747378752e-05, 0.15998241305351257, 0.14701326191425323, 0.12289609760046005, 0.08510183542966843, 0.31582948565483093, 0.32764771580696106, 0.299556165933609, 0.64406818151474, 0.7352328300476074, 1.1970096826553345, 0.08163684606552124, 0.11927163600921631, 0.16457830369472504, 0.16532376408576965, 0.09627432376146317, 0.08226054161787033, 0.132288858294487, 0.2657558023929596, 0.15835843980312347, 0.18625569343566895, 0.08611012250185013, 0.0636167898774147, 0.15003925561904907, 0.2351423054933548, 0.20390485227108002, 0.20084409415721893, 0.21470005810260773, 0.1497313678264618, 0.1690109670162201, 0.10698625445365906, 9.999999747378752e-05, 9.999999747378752e-05, 9.999999747378752e-05, 9.999999747378752e-05, 0.09522861242294312, 0.11866244673728943, 0.22047963738441467, 0.20417951047420502, 0.1360972672700882, 0.10145474970340729, 9.999999747378752e-05, 9.999999747378752e-05, 9.999999747378752e-05, 9.999999747378752e-05, 9.999999747378752e-05, 9.999999747378752e-05, 0.11971059441566467, 0.234608992934227, 0.1920269876718521, 0.21590879559516907, 0.16928748786449432, 0.11260389536619186, 0.2426040917634964, 0.07264117151498795, 9.999999747378752e-05, 9.999999747378752e-05, 9.999999747378752e-05, 9.999999747378752e-05, 9.999999747378752e-05, 9.999999747378752e-05, 9.999999747378752e-05, 9.999999747378752e-05, 9.999999747378752e-05, 9.999999747378752e-05, 9.999999747378752e-05, 9.999999747378752e-05, 9.999999747378752e-05, 9.999999747378752e-05, 9.999999747378752e-05, 9.999999747378752e-05, 0.1339818239212036, 0.12873674929141998, 0.22330787777900696, 0.21271170675754547, 0.15348821878433228, 0.13478000462055206, 0.2010374665260315, 9.999999747378752e-05, 0.12746946513652802, 0.12746946513652802, 9.999999747378752e-05, 0.2010374665260315, 0.059471674263477325, 0.11411145329475403, 0.15828490257263184, 0.15365535020828247, 0.13869459927082062, 0.07070052623748779, 0.16082707047462463, 0.1284567266702652, 0.17776371538639069, 0.16101300716400146, 0.17485766112804413, 0.15920570492744446, 0.17220716178417206, 9.999999747378752e-05, 0.11316201090812683, 0.11316201090812683, 9.999999747378752e-05, 0.17220716178417206, 0.04457823187112808, 0.1175578162074089, 0.13693027198314667, 0.13750958442687988, 0.11331483721733093, 0.042368773370981216, 0.7576632499694824, 0.8744971752166748, 0.8290795087814331, 0.7177460193634033, 0.8438788652420044, 0.863984227180481, 1.6129717826843262, 1.499568223953247, 1.609527826309204, 1.0391322374343872, 0.9091116189956665, 1.0787516832351685, 0.9663469791412354, 1.45237135887146, 1.4694740772247314, 1.5494239330291748, 1.0861656665802002, 1.0033921003341675, 1.3424186706542969, 1.1949816942214966, 1.314525842666626, 0.8412837386131287, 1.1125962734222412, 1.051497220993042, 1.0346013307571411, 1.2199524641036987, 1.2178364992141724, 1.274532437324524, 0.8262704014778137, 1.0543150901794434, 1.0779839754104614, 0.08368508517742157, 0.05805635452270508, 0.03870995715260506, 0.1539144515991211, 0.11290088295936584, 0.1346142441034317, 0.12156401574611664, 0.12123195081949234, 0.08588115125894547, 0.11961092054843903, 0.1272471398115158, 0.06704116612672806, 0.10343248397111893, 0.10862413048744202, 0.06096211448311806, 0.19264273345470428, 0.23809567093849182, 0.16968964040279388], "a_mean": [0.0, 0.0, 0.0, 0.0, 0.0, 0.0, 0.0, 0.0, 0.0, 1.3962633609771729, 0.0, 0.0, 0.0, 0.0, 0.0, 0.0, -1.3962633609771729, 0.0, 0.0, 0.0, 1.3962633609771729, 0.0, 0.0, 0.0, 0.0, 0.0, 0.0, 1.3962633609771729, 0.0, 0.0, 0.0], "a_std": [1.884955644607544, 1.884955644607544, 1.884955644607544, 1.2566370964050293, 1.2566370964050293, 1.2566370964050293, 3.351032257080078, 3.351032257080078, 3.351032257080078, 1.9547688961029053, 1.884955644607544, 1.884955644607544, 1.884955644607544, 3.351032257080078, 3.351032257080078, 3.351032257080078, 1.9547688961029053, 2.9321534633636475, 2.9321534633636475, 2.9321534633636475, 1.9547688961029053, 1.1519173383712769, 1.1519173383712769, 1.1519173383712769, 2.9321534633636475, 2.9321534633636475, 2.9321534633636475, 1.9547688961029053, 1.1519173383712769, 1.1519173383712769, 1.1519173383712769], "init_dof_pos": [-0.033, 0.719, -0.048, -0.271, -0.487, 0.792, 0.836, -0.401, 0.6781, 1.092, -0.208, 0.195, 0.024, -0.497, -0.201, -0.332, -1.726, -0.436, -0.573, -0.192, 1.085, 0.46, -0.46, 0.028, 0.57, -0.906, 0.413, 1.056, -0.292, -0.11, -0.037], "init_root_pos": [0.0, 0.0, 0.703], "init_root_rot_quat": [-0.015994, 0.040712, -0.415364, 0.908603], "action_low": [-1.88496, -1.88496, -1.88496, -1.25664, -1.25664, -1.25664, -3.351, -3.351, -3.351, -3.9095, -1.88496, -1.88496, -1.88496, -3.351, -3.351, -3.351, -3.9095, -2.9322, -2.9322, -2.9322, -3.9095, -1.15188, -1.15188, -1.15188, -2.9322, -2.9322, -2.9322, -3.9095, -1.15188, -1.15188, -1.15188],