{
  "init_pose": {
    "key_pos_physx": [
      [
        0.13068366050720215,
        -0.10286741703748703,
        1.1245719194412231
      ],
      [
        -0.015457015484571457,
        -0.5463241934776306,
        0.8161827325820923
      ],
      [
        0.5462212562561035,
        -0.046983011066913605,
        0.8407884836196899
      ],
      [
        -0.3210611343383789,
        -0.22341200709342957,
        0.04998176544904709
      ],
      [
        0.4074093699455261,
        0.1510806679725647,
        0.04999421536922455
      ],
      [
        0.6420915126800537,
        -0.31876808404922485,
        1.068071961402893
      ]
    ],
    "key_pos_fk": [
      [
        0.13068361580371857,
        -0.10286744683980942,
        1.124571681022644
      ],
      [
        -0.01545703411102295,
        -0.546323835849762,
        0.8161822557449341
      ],
      [
        0.546221137046814,
        -0.046983346343040466,
        0.840787947177887
      ],
      [
        -0.3210611343383789,
        -0.22341200709342957,
        0.049981892108917236
      ],
      [
        0.4074093997478485,
        0.1510806381702423,
        0.04999426007270813
      ],
      [
        0.6420914530754089,
        -0.3187677264213562,
        1.0680716037750244
      ]
    ],
    "max_diff": 5.364418029785156e-07,
    "obs_key_pos": [
      0.15309220552444458,
      0.024085210636258125,
      0.40566056966781616,
      0.3763837516307831,
      -0.385978102684021,
      0.0972713828086853,
      0.3967546820640564,
      0.36529362201690674,
      0.12187713384628296,
      -0.06820923089981079,
      -0.3877764642238617,
      -0.6689295768737793,
      0.15734367072582245,
      0.3996496796607971,
      -0.6689171195030212,
      0.6605237722396851,
      0.24917256832122803,
      0.3491606116294861
    ],
    "root_pos": [
      0.008342699147760868,
      -0.007735867518931627,
      0.718911349773407
    ],
    "root_rot": [
      -0.013579570688307285,
      0.02408311516046524,
      -0.39673155546188354,
      0.9175183176994324
    ],
    "dof_pos": [
      -0.04913004860281944,
      0.6714022755622864,
      -0.058135539293289185,
      -0.19728323817253113,
      -0.3707980513572693,
      0.587535560131073,
      0.6838812828063965,
      -0.2969341278076172,
      0.6334185004234314,
      0.8389610052108765,
      -0.14817973971366882,
      0.13117028772830963,
      0.0748024433851242,
      -0.40067562460899353,
      -0.1618504822254181,
      -0.3731890618801117,
      -1.3783754110336304,
      -0.43142902851104736,
      -0.43839797377586365,
      -0.1451127678155899,
      0.9419991970062256,
      0.46523013710975647,
      -0.4291543960571289,
      -0.0491672083735466,
      0.5066573023796082,
      -0.7623100280761719,
      0.29075390100479126,
      0.8780435919761658,
      -0.31345105171203613,
      -0.049127575010061264,
      0.040584173053503036
    ]
  },
  "random_pose": {
    "key_pos_physx": [
      [
        0.19962671399116516,
        -0.12462858855724335,
        1.1922423839569092
      ],
      [
        0.12136787176132202,
        -0.40445464849472046,
        0.8261378407478333
      ],
      [
        0.4448554515838623,
        -0.09566590934991837,
        0.8954789042472839
      ],
      [
        -0.276243656873703,
        -0.21771186590194702,
        0.18835949897766113
      ],
      [
        0.19041132926940918,
        0.3477155268192291,
        0.17718744277954102
      ],
      [
        -0.2291984260082245,
        0.16972395777702332,
        1.134394645690918
      ]
    ],
    "key_pos_fk": [
      [
        0.19962666928768158,
        -0.12462851405143738,
        1.1922422647476196
      ],
      [
        0.12136804312467575,
        -0.40445441007614136,
        0.8261380195617676
      ],
      [
        0.4448554515838623,
        -0.09566587209701538,
        0.8954789042472839
      ],
      [
        -0.2762436866760254,
        -0.2177118957042694,
        0.18835964798927307
      ],
      [
        0.19041112065315247,
        0.3477154076099396,
        0.1771875023841858
      ],
      [
        -0.22919857501983643,
        0.16972416639328003,
        1.1343950033187866
      ]
    ],
    "max_diff": 3.5762786865234375e-07,
    "obs_key_pos": [
      0.22431015968322754,
      0.06373398005962372,
      0.31192535161972046,
      0.3786965012550354,
      -0.18242031335830688,
      -0.05417919158935547,
      0.3678590953350067,
      0.2646560072898865,
      0.015161871910095215,
      -0.026961959898471832,
      -0.3509700298309326,
      -0.6919575333595276,
      -0.13136278092861176,
      0.3746851682662964,
      -0.7031295895576477,
      -0.2819644808769226,
      -0.0555153414607048,
      0.25407761335372925
    ],
    "root_pos": [
      0.0015672491863369942,
      -0.0015452117659151554,
      0.8803170323371887
    ],
    "root_rot": [
      -0.0037713011261075735,
      0.04976721107959747,
      -0.40305188298225403,
      0.9138152599334717
    ],
    "dof_pos": [
      -0.15426017343997955,
      1.1142570972442627,
      0.18369261920452118,
      -0.12362417578697205,
      -0.46672773361206055,
      0.3891895115375519,
      -0.08617382496595383,
      0.2324286699295044,
      0.7847201824188232,
      1.3007301092147827,
      -0.6306105256080627,
      0.6238150596618652,
      0.5529803037643433,
      -0.8826394081115723,
      -0.5143019556999207,
      -0.7966382503509521,
      -1.6524990797042847,
      -0.38383719325065613,
      -0.5466774702072144,
      -0.28727594017982483,
      0.9167236089706421,
      0.20297449827194214,
      -0.4768025875091553,
      -0.04115624725818634,
      0.4627729654312134,
      -0.31972095370292664,
      0.05978507548570633,
      0.7855786085128784,
      -0.17846503853797913,
      -0.39501798152923584,
      0.028967412188649178
    ]
  },
  "extreme_pose": {
    "key_pos_physx": [
      [
        -0.008494481444358826,
        0.1774892807006836,
        1.2884950637817383
      ],
      [
        0.23366057872772217,
        0.1268610656261444,
        1.902037262916565
      ],
      [
        0.26981061697006226,
        0.08777692914009094,
        1.1761893033981323
      ],
      [
        0.1017516553401947,
        -0.5198372006416321,
        0.5343546271324158
      ],
      [
        0.5231074094772339,
        -0.25740429759025574,
        1.5105363130569458
      ],
      [
        -0.22841235995292664,
        0.6849531531333923,
        1.751631259918213
      ]
    ],
    "key_pos_fk": [
      [
        -0.00849453080445528,
        0.17748931050300598,
        1.2884950637817383
      ],
      [
        0.23366060853004456,
        0.12686127424240112,
        1.9020371437072754
      ],
      [
        0.26981061697006226,
        0.08777675032615662,
        1.1761890649795532
      ],
      [
        0.10175159573554993,
        -0.5198372602462769,
        0.5343546867370605
      ],
      [
        0.5231074094772339,
        -0.2574043273925781,
        1.5105364322662354
      ],
      [
        -0.2284127175807953,
        0.6849534511566162,
        1.751631259918213
      ]
    ],
    "max_diff": 3.5762786865234375e-07,
    "obs_key_pos": [
      -0.14024823904037476,
      0.14678162336349487,
      0.3879200220108032,
      0.07447050511837006,
      0.26965612173080444,
      1.0014622211456299,
      0.12745147943496704,
      0.26442041993141174,
      0.27561426162719727,
      0.4050856828689575,
      -0.30158132314682007,
      -0.3662204146385193,
      0.5460248589515686,
      0.1743890643119812,
      0.6099612712860107,
      -0.6415786147117615,
      0.3803437650203705,
      0.8510562181472778
    ],
    "root_pos": [
      -0.0010324958711862564,
      -0.0253868717700243,
      0.9005750417709351
    ],