{"root_pos": [-0.025091975927352905, 0.0901428610086441, 0.7463988065719604], "root_rot": [-0.025922328233718872, 0.021915655583143234, -0.3346809446811676, 0.9417199492454529], "root_vel": [-0.47941550612449646, 0.4699098467826843, 0.33244264125823975], "root_ang_vel": [-0.5753217935562134, -0.6363500952720642, -0.6331909894943237], "dof_pos": [-0.23799705505371094, 0.7514060735702515, -0.13114485144615173, -0.45318692922592163, -0.38938993215560913, 0.5088591575622559, 0.38252997398376465, -0.6109183430671692, 0.5937604308128357, 1.4901807308197021, -0.6797513365745544, 0.21735939383506775, 0.16916446387767792, -1.4864916801452637, -0.03206894174218178, -0.9645482301712036, -2.3333024978637695, -0.08344610035419464, 0.2396811991930008, 0.13095295429229736, 0.8121894001960754, 0.24934160709381104, -0.28314900398254395, -0.013781439512968063, 0.2731495201587677, -0.9144179224967957, -0.07458722591400146, 1.627519130706787, -0.4183025062084198, 0.04601019248366356, -0.1684504598379135], "dof_vel": [0.08027208596467972, 0.18684111535549164, -1.2605822086334229, 1.8783384561538696, 1.1005313396453857, 1.7579957246780396, 1.579309344291687, 0.3915999233722687, 1.6874969005584717, -1.6460299491882324, -1.2160685062408447, -1.8190908432006836, -0.6986786723136902, -0.44529083371162415, -0.9146038889884949, 1.3149499893188477, -0.5729867219924927, -0.8762619495391846, 0.1707843393087387, -1.4363031387329102, 1.2087879180908203, -1.701797366142273, 1.9475477933883667, 1.0889791250228882, -1.2051372528076172, -1.9779114723205566, 1.2618457078933716, 0.8274293541908264, 0.9160286784172058, 1.0850813388824463, -1.7038214206695557], "obs": [0.7463988065719604, 0.9997137188911438, -4.3655745685100555e-09, -0.02392541989684105, 0.023877117782831192, 0.06351102143526077, 0.9976954460144043, -0.6684886813163757, 0.06146066635847092, 0.33244264125823975, -0.04404941201210022, -0.8567358255386353, -0.6331909894943237, 0.7242466807365417, -0.20238766074180603, -0.6591706871986389, 0.6887571215629578, 0.16676314175128937, 0.7055521011352539, 0.8050416707992554, 0.5420030951499939, 0.24112363159656525, -0.46013563871383667, 0.3139858543872833, 0.8304746150970459, 0.6627316474914551, 0.402544766664505, 0.6314620971679688, -0.4203653037548065, -0.497869610786438, 0.7585636973381042, 0.08052831888198853, 0.9967523813247681, 0.0, 0.0, 0.0, 1.0, 0.963739275932312, 0.08377857506275177, -0.253353089094162, 0.14342640340328217, 0.6380025744438171, 0.7565590739250183, 1.0, 0.0, 0.0, 0.0, 0.0, 1.0, 0.6441340446472168, -0.5150105357170105, 0.5655577182769775, 0.5301008224487305, 0.8335856795310974, 0.15533238649368286, -0.6907358169555664, -0.7231071591377258, 0.0, 0.0, 0.0, 1.0, 1.0, 0.0, 0.0, 0.0, 0.0, 1.0, 1.0, 0.0, 0.0, 0.0, 0.0, 1.0, 0.9629549384117126, 0.11924771219491959, -0.2418631911277771, 0.23100975155830383, 0.0979035496711731, 0.9680131077766418, 0.6879110336303711, 0.0, -0.7257950305938721, 0.7257950305938721, 0.0, 0.6879110336303711, 0.9602933526039124, -0.04833948239684105, 0.2747725248336792, -0.2781682014465332, -0.2415323555469513, 0.9296690821647644, 0.6103100776672363, -0.17934325337409973, 0.7715941667556763, -0.7904586791992188, -0.2017274796962738, 0.5783434510231018, -0.05669248104095459, 0.0, -0.9983918070793152, 0.9983918070793152, 0.0, -0.05669248104095459, 0.9850130081176758, -0.17220033705234528, -0.009818196296691895, 0.07908318936824799, 0.40031492710113525, 0.9129588007926941, 0.08027208596467972, 0.18684111535549164, -1.2605822086334229, 1.8783384561538696, 1.1005313396453857, 1.7579957246780396, 1.579309344291687, 0.3915999233722687, 1.6874969005584717, -1.6460299491882324, -1.2160685062408447, -1.8190908432006836, -0.6986786723136902, -0.44529083371162415, -0.9146038889884949, 1.3149499893188477, -0.5729867219924927, -0.8762619495391846, 0.1707843393087387, -1.4363031387329102, 1.2087879180908203, -1.701797366142273, 1.9475477933883667, 1.0889791250228882, -1.2051372528076172, -1.9779114723205566, 1.2618457078933716, 0.8274293541908264, 0.9160286784172058, 1.0850813388824463, -1.7038214206695557, 0.25050535798072815, -0.05596429109573364, 0.3504272699356079, 0.43209221959114075, -0.4188149571418762, 0.0495455265045166, 0.5058552026748657, 0.18171413242816925, 0.09909594058990479, -0.03275886923074722, -0.42195940017700195, -0.6839430332183838, 0.29018035531044006, 0.3126451373100281, -0.6779495477676392, 0.72633957862854, 0.13413023948669434, 0.44358885288238525], "action": [0.15104858577251434, 0.4802655577659607, -0.032944533973932266, 0.17434024810791016, -0.7413765788078308, 0.9540030360221863, 0.9852718114852905, -0.24609249830245972, 0.8746081590652466, 0.9890561103820801, -0.0812065526843071, 0.14898385107517242, 0.04800746217370033, -0.7075933218002319, -0.2625903785228729, -0.22260123491287231, -1.6595288515090942, -0.39931538701057434, -0.6693446040153503, -0.41401955485343933, 1.3970816135406494, 0.8108157515525818, -0.5626046061515808, -0.6269441843032837, -0.19355812668800354, -0.42085570096969604, 0.7703767418861389, 0.7839929461479187, -0.27028095722198486, -0.5012962222099304, 1.043336033821106], "latent": [0.0, 0.0, 0.0, 0.0, 0.0, 0.0, 0.0, 0.0, 0.0, 0.0, 0.0, 0.0, 0.0, 0.0, 0.0, 0.0, 0.0, 0.0, 0.0, 0.0, 0.0, 0.0, 0.0, 0.0, 0.0, 0.0, 0.0, 0.0, 0.0, 0.0, 0.0, 0.0, 0.0, 0.0, 0.0, 0.0, 0.0, 0.0, 0.0, 0.0, 0.0, 0.0, 0.0, 0.0, 0.0, 0.0, 0.0, 0.0, 0.0, 0.0, 0.0, 0.0, 0.0, 0.0, 0.0, 0.0, 0.0, 0.0, 0.0, 0.0, 0.0, 0.0, 0.0, 0.0]}