{"root_pos": [0.0, 0.0, 0.903], "root_rot": [0.0, 0.0, 0.0, 1.0], "dof_pos": [0.0, 0.0, 0.0, 0.0, 0.0, 0.0, 0.0, 0.0, 0.0, 0.0, 0.0, 0.0, 0.0, 0.0, 0.0, 0.0, 0.0, 0.0, 0.0, 0.0, 0.0, 0.0, 0.0, 0.0, 0.0, 0.0, 0.0, 0.0, 0.0, 0.0, 0.0], "body_pos": [[0.0, 0.0, 0.902999997138977], [0.0, 0.0, 1.1391509771347046], [0.0, 0.0, 1.3630449771881104], [-0.024049999192357063, -0.18310999870300293, 1.3826509714126587], [-0.024049999192357063, -0.45789799094200134, 1.3826509714126587], [-0.024049999192357063, -0.7168450355529785, 1.3826509714126587], [0.7159500122070312, -0.7168450355529785, 1.3826509714126587], [-0.024049999192357063, 0.18310999870300293, 1.3826509714126587], [-0.024049999192357063, 0.45789799094200134, 1.3826509714126587], [-0.024049999192357063, 0.5778979659080505, 1.452651023864746], [-0.024049999192357063, 0.7168450355529785, 1.3826509714126587], [0.0, -0.08488699793815613, 0.902999997138977], [0.0, -0.08488699793815613, 0.4814539849758148], [0.0, -0.08488699793815613, 0.07158398628234863], [0.0, 0.08488699793815613, 0.902999997138977], [0.0, 0.08488699793815613, 0.4814539849758148], [0.0, 0.08488699793815613, 0.07158398628234863]], "body_names": ["pelvis", "torso", "head", "right_upper_arm", "right_lower_arm", "right_hand", "sword", "left_upper_arm", "left_lower_arm", "shield", "left_hand", "right_thigh", "right_shin", "right_foot", "left_thigh", "left_shin", "left_foot"]}